{
	"light": {
		"origin": [
			0,
			300
		],
		"direction": [
			1,
			-0.2
		]
	},
	"prisms": [
		{
			"x": 100,
			"y": 100,
			"rotation": 0
		}
	],
	"filters": [
		{
			"x": 502.46796657381617,
			"y": 190.91364902506962,
			"width": 20,
			"height": 100,
			"color": "ff00",
			"rotation": 0.029999999999999694
		},
		{
			"x": 502.46796657381617,
			"y": 290.91364902506962,
			"width": 20,
			"height": 100,
			"color": "ff0000",
			"rotation": 0.029999999999999694
		}
	],
	"mirrors": [
		{
			"x": 597.4261838440112,
			"y": 320.59888579387183,
			"width": 5,
			"height": 100,
			"rotation": 0.6800000000000003
		}
	],
	"enemies": [
		{
			"x": 229.7493036211699,
			"y": 57.36768802228414,
			"width": 20,
			"height": 20,
			"color": "ffff00",
			"rotation": 0
		}
	]
}
