{
	"light": {
		"origin": [
			0,
			0
		],
		"direction": [
			1,
			1
		]
	},
	"prisms": [
		{
			"x": 171.6768802228412,
			"y": 96.65738161559884,
			"rotation": -0.009999999999999913
		}
	],
	"filters": [
		{
			"x": 459.84958217270196,
			"y": 129.0752089136491,
			"width": 20,
			"height": 100,
			"color": "ff00",
			"rotation": -3.0878077872387166e-16
		},
		{
			"x": 479.0696378830085,
			"y": 329.35376044568227,
			"width": 20,
			"height": 100,
			"color": "ff0000",
			"rotation": -3.1299999999999777
		}
	],
	"mirrors": [
		{
			"x": 583.2200557103065,
			"y": 242.04735376044562,
			"width": 5,
			"height": 100,
			"rotation": 0.6800000000000003
		}
	],
	"enemies": [
		{
			"x": 517.2144846796657,
			"y": 207.78551532033427,
			"width": 20,
			"height": 20,
			"color": "ffff00",
			"rotation": 0
		}
	],
	"message": {
		"text": "Red + Green = Yellow",
		"font": "50px Arial", 
		"fill": "red",
		"x": 50,
		"y": 450
	}
}
