{
	"light": {
		"origin": [
			0,
			100
		],
		"direction": [
			1,
			0.8
		]
	},
	"prisms": [
		{
			"x": 405.6338028169013,
			"y": 118.3098591549296,
			"rotation": 6.249999999999911
		},
		{
			"x": 254.92957746478868,
			"y": 116.90140845070425,
			"rotation": 1.5400000000000011
		}
	],
	"filters": [
		{
			"x": 550.7042253521126,
			"y": 519.7183098591549,
			"width": 20,
			"height": 100,
			"color": "ff0000",
			"rotation": 1.5600000000000005
		},
		{
			"x": 564.2289868241704,
			"y": 499.22580645161304,
			"width": 20,
			"height": 100,
			"color": "ff00",
			"rotation": -7.528699885739343e-16
		}
	],
	"mirrors": [],
	"enemies": [
		{
			"x": 487.6574457314713,
			"y": 559.2948813387725,
			"width": 20,
			"height": 20,
			"color": "ffff00",
			"rotation": 0
		}
	]
}