{
	"light": {
		"origin": [
			0,
			100
		],
		"direction": [
			1,
			0.8
		]
	},
	"prisms": [
		{
			"x": 200.7722007722008,
			"y": 240.15444015444012,
			"rotation": 1
		},
		{
			"x": 236.29343629343632,
			"y": 364.8648648648649,
			"rotation": 0
		}
	],
	"filters": [
		{
			"x": 460.6177606177606,
			"y": 118.53281853281851,
			"width": 20,
			"height": 100,
			"color": "ffff00",
			"rotation": 1
		},
		{
			"x": 293.0501930501931,
			"y": 158.68725868725872,
			"width": 100,
			"height": 20,
			"color": "ff0000",
			"rotation": 0.8800000000000006
		}
	],
	"mirrors": [
		{
			"x": 100,
			"y": 300,
			"width": 20,
			"height": 100,
			"rotation": 1
		}
	],
	"enemies": [
		{
			"x": 500,
			"y": 500,
			"width": 20,
			"height": 30,
			"color": "ffff00",
			"rotation": 0
		}
	]
}